Pressure_MPa,Bo_rm3_sm3,Bg_rm3_sm3,Oil_Viscosity_cP,Gas_Viscosity_cP,Oil_Density_kg_m3,Gas_Density_kg_m3,Rs_sm3_sm3
5,1.054,0.00452,3.85,0.0152,852,48.2,35.6
10,1.087,0.00221,3.24,0.0168,834,94.5,72.4
15,1.121,0.00146,2.78,0.0187,815,142.8,110.2
20,1.156,0.00108,2.42,0.0212,795,191.6,148.7
25,1.192,0.00085,2.12,0.0243,776,242.5,188.6
30,1.23,0.00069,1.86,0.0282,756,294.3,229.6
